{"cameraMode":{"drawMode":0,"name":"Shaded","section":"Shading Mode"},"sceneLighting":true,"audioPlay":false,"sceneViewState":{"m_AlwaysRefresh":false,"showFog":true,"showSkybox":true,"showFlares":true,"showImageEffects":true,"showParticleSystems":true,"showVisualEffectGraphs":true,"m_FxEnabled":true},"in2DMode":false,"pivot":{"x":-0.6682250499725342,"y":0.25564607977867129,"z":66.52236938476563},"rotation":{"x":-0.18465743958950044,"y":0.2643470764160156,"z":-0.05152258276939392,"w":-0.9451797008514404},"size":7.005044937133789,"orthographic":false}