{"cameraMode":{"drawMode":0,"name":"Shaded","section":"Shading Mode"},"sceneLighting":true,"audioPlay":false,"sceneViewState":{"m_AlwaysRefresh":false,"showFog":true,"showSkybox":true,"showFlares":true,"showImageEffects":true,"showParticleSystems":true,"showVisualEffectGraphs":true,"m_FxEnabled":true},"in2DMode":false,"pivot":{"x":0.5059211254119873,"y":-2.423137664794922,"z":2.6976394653320314},"rotation":{"x":0.18113872408866883,"y":-0.11008787155151367,"z":0.020335614681243898,"w":0.9770106077194214},"size":5.067378997802734,"orthographic":false}