{"cameraMode":{"drawMode":0,"name":"Shaded","section":"Shading Mode"},"sceneLighting":true,"audioPlay":false,"sceneViewState":{"m_AlwaysRefresh":false,"showFog":true,"showSkybox":true,"showFlares":true,"showImageEffects":true,"showParticleSystems":true,"showVisualEffectGraphs":true,"m_FxEnabled":true},"in2DMode":false,"pivot":{"x":-0.021181374788284303,"y":-1.4529919624328614,"z":-0.20546406507492066},"rotation":{"x":0.3873627781867981,"y":0.008550220169126988,"z":-0.0036787756253033878,"w":0.9218206405639648},"size":3.890789747238159,"orthographic":false}